{"count":1,"self":142.3554304,"total":213.77746019999998,"children":{"InitializeActuators":{"count":1,"self":0.0019947999999999997,"total":0.0019947999999999997,"children":null},"InitializeSensors":{"count":1,"self":0.0019962,"total":0.0019962,"children":null},"AgentSendState":{"count":38701,"self":0.2675204,"total":0.8258715,"children":{"CollectObservations":{"count":3871,"self":0.0392343,"total":0.0392343,"children":null},"WriteActionMask":{"count":3871,"self":0.014019499999999999,"total":0.014019499999999999,"children":null},"RequestDecision":{"count":3871,"self":0.0713224,"total":0.5050973,"children":{"AgentInfo.ToProto":{"count":3871,"self":0.0956804,"total":0.43377489999999996,"children":{"GenerateSensorData":{"count":3871,"self":0.33809449999999996,"total":0.33809449999999996,"children":null}}}}}}},"DecideAction":{"count":38701,"self":69.8660864,"total":69.8660867,"children":null},"AgentAct":{"count":38701,"self":0.68763449999999993,"total":0.7241004,"children":{"AgentInfo.ToProto":{"count":358,"self":0.0079395,"total":0.036465899999999996,"children":{"GenerateSensorData":{"count":358,"self":0.0285264,"total":0.0285264,"children":null}}}}}},"gauges":{"RollerBall.CumulativeReward":{"count":358,"max":2,"min":0,"runningAverage":0.466480523,"value":1,"weightedAverage":0.5844587}},"metadata":{"timer_format_version":"0.1.0","start_time_seconds":"1646124587","unity_version":"2020.3.28f1","command_line_arguments":"C:\\Program Files\\Unity\\Hub\\Editor\\2020.3.28f1\\Editor\\Unity.exe -projectPath D:\\Unity Project\\MLtest","communication_protocol_version":"1.5.0","com.unity.ml-agents_version":"2.0.0-exp.1","scene_name":"Gtest","end_time_seconds":"1646124800"}}