{"count":1,"self":15.7637088,"total":18.9581832,"children":{"InitializeActuators":{"count":8,"self":0.0059888,"total":0.0059888,"children":null},"InitializeSensors":{"count":8,"self":0.0079787,"total":0.0079787,"children":null},"AgentSendState":{"count":649,"self":0.013097399999999999,"total":0.104526,"children":{"UpdateLocalSpacePoses":{"count":1040,"self":0.013054099999999999,"total":0.013054099999999999,"children":null},"CollectObservations":{"count":1040,"self":0.061830199999999995,"total":0.061830199999999995,"children":null},"WriteActionMask":{"count":1040,"self":0.0009969,"total":0.0009969,"children":null},"RequestDecision":{"count":1040,"self":0.0155474,"total":0.0155474,"children":null}}},"DecideAction":{"count":649,"self":3.0219348,"total":3.0219348999999998,"children":null},"AgentAct":{"count":649,"self":0.053048399999999996,"total":0.053048399999999996,"children":null}},"gauges":{"Sorter.CumulativeReward":{"count":1,"max":1.97120106,"min":1.97120106,"runningAverage":1.97120106,"value":1.97120106,"weightedAverage":1.97120106}},"metadata":{"timer_format_version":"0.1.0","start_time_seconds":"1646036212","unity_version":"2020.3.28f1","command_line_arguments":"C:\\Program Files\\Unity\\Hub\\Editor\\2020.3.28f1\\Editor\\Unity.exe -openfile D:\\Unity Project\\MLtest\\Assets\\Scenes\\SampleScene.unity","communication_protocol_version":"1.5.0","com.unity.ml-agents_version":"2.0.0-exp.1","scene_name":"Sorter","end_time_seconds":"1646036231"}}